"","Source","Target","Weight"
"1","god","1","0.0405570865879123"
"1","lords","1","0.0296784279888313"
"1","england","1","0.0211194833557308"
"1","crown","1","0.0199996214411195"
"1","grace","1","0.0182398384324447"
"1","majesty","1","0.0164000652870118"
"1","cousin","1","0.0128005091329041"
"1","uncle","1","0.0126405288593882"
"1","royal","1","0.0113606866712611"
"1","duchess","1","0.0112806965345031"
"1","earl","1","0.0112806965345031"
"1","land","1","0.0108807458507134"
"1","sovereign","1","0.0107207655771975"
"1","highness","1","0.0106407754404395"
"1","liege","1","0.00960090366258619"
"1","traitor","1","0.00776113051715337"
"1","gracious","1","0.00752116010687953"
"1","tower","1","0.00680124887605799"
"1","oath","1","0.00672125873930004"
"1","grey","1","0.00672125873930004"
"1","kingdom","1","0.00584136723496261"
"1","thomas","1","0.00576137709820466"
"1","princely","1","0.00528143627765697"
"1","treason","1","0.00512145600414107"
"1","claim","1","0.00496147573062517"
"1","title","1","0.00488148559386722"
"1","wear","1","0.00472150532035133"
"1","days","1","0.00472150532035133"
"1","heir","1","0.00464151518359338"
"1","rivers","1","0.00464151518359338"
"1","protector","1","0.00456152504683543"
"1","base","1","0.00448153491007748"
"1","subjects","1","0.00448153491007748"
"1","castle","1","0.00440154477331953"
"1","presence","1","0.00424156449980363"
"1","realm","1","0.00408158422628774"
"1","subject","1","0.00400159408952979"
"1","mighty","1","0.00384161381601389"
"1","throne","1","0.00376162367925594"
"1","banish","1","0.00368163354249799"
"1","bishop","1","0.00368163354249799"
"1","english","1","0.0035216532689821"
"1","seat","1","0.00328168285870825"
"1","flourish","1","0.00328168285870825"
"1","council","1","0.00328168285870825"
"1","peers","1","0.00328168285870825"
"1","wales","1","0.00312170258519235"
"1","bearing","1","0.00296172231167646"
"1","reign","1","0.00296172231167646"
"1","hereford","1","0.00296172231167646"
"2","nature","2","0.0323710100133987"
"2","strange","2","0.0182096169461466"
"2","purpose","2","0.017157627746865"
"2","worth","2","0.0123832152270486"
"2","play","2","0.0119786039965557"
"2","voice","2","0.0119786039965557"
"2","question","2","0.0115739927660628"
"2","oft","2","0.0114930705199642"
"2","speech","2","0.0108456925511755"
"2","action","2","0.00922724762920387"
"2","form","2","0.00914632538310528"
"2","lack","2","0.00898448089090812"
"2","respect","2","0.00874171415261236"
"2","general","2","0.00752788046113361"
"2","learn","2","0.00736603596893645"
"2","shape","2","0.00688050249234495"
"2","wisdom","2","0.00679958024624636"
"2","motion","2","0.00671865800014778"
"2","thrice","2","0.00655681350795061"
"2","holds","2","0.00655681350795061"
"2","whereof","2","0.00493836858597894"
"2","change","2","0.00477652409378178"
"2","quality","2","0.00477652409378178"
"2","rank","2","0.00461467960158461"
"2","pride","2","0.00445283510938744"
"2","merit","2","0.00421006837109169"
"2","speaking","2","0.00421006837109169"
"2","star","2","0.00412914612499311"
"2","puts","2","0.00396730163279594"
"2","passion","2","0.00388637938669736"
"2","loud","2","0.00388637938669736"
"2","season","2","0.00380545714059877"
"2","natural","2","0.00372453489450019"
"2","mars","2","0.00372453489450019"
"2","appears","2","0.00364361264840161"
"2","bade","2","0.00364361264840161"
"2","offend","2","0.00356269040230302"
"2","regard","2","0.00356269040230302"
"2","appetite","2","0.00340084591010586"
"2","mock","2","0.00323900141790869"
"2","infinite","2","0.00315807917181011"
"2","affections","2","0.00315807917181011"
"2","folly","2","0.00315807917181011"
"2","brains","2","0.00315807917181011"
"2","fore","2","0.00307715692571152"
"2","bent","2","0.00307715692571152"
"2","familiar","2","0.00307715692571152"
"2","firm","2","0.00307715692571152"
"2","gall","2","0.00307715692571152"
"2","crown","2","0.00299623467961294"
"3","heart","3","0.0236150229936004"
"3","death","3","0.0200095990181824"
"3","life","3","0.0195246589513134"
"3","hand","3","0.0185758631683086"
"3","blood","3","0.0146752582826226"
"3","fear","3","0.0146541739318891"
"3","poor","3","0.0141059808128197"
"3","dead","3","0.0117867022321415"
"3","live","3","0.0113860995682062"
"3","die","3","0.0105638098896021"
"3","hold","3","0.00986802631539867"
"3","dear","3","0.00982585761393179"
"3","soul","3","0.00978368891246491"
"3","tongue","3","0.0092776644948624"
"3","gentle","3","0.00820236260745705"
"3","makes","3","0.00816019390599017"
"3","back","3","0.00767525383912109"
"3","rest","3","0.00767525383912109"
"3","turn","3","0.00742224163031983"
"3","shame","3","0.00731681987665264"
"3","earth","3","0.00727465117518577"
"3","end","3","0.00708489201858482"
"3","fall","3","0.00700055461565107"
"3","kill","3","0.00695838591418419"
"3","hands","3","0.00691621721271732"
"3","wilt","3","0.00681079545905012"
"3","shalt","3","0.00647344584731511"
"3","thousand","3","0.00636802409364792"
"3","lay","3","0.00624151798924729"
"3","wrong","3","0.00617826493704698"
"3","body","3","0.00605175883264635"
"3","lies","3","0.0056933248701779"
"3","spirit","3","0.00567224051944446"
"3","break","3","0.00546139701211008"
"3","foul","3","0.00539814395990976"
"3","breath","3","0.00527163785550914"
"3","ne","3","0.00522946915404226"
"3","pity","3","0.00487103519157381"
"3","bloody","3","0.00482886649010693"
"3","lives","3","0.00466019168423943"
"3","sight","3","0.00463910733350599"
"3","strong","3","0.00457585428130567"
"3","cold","3","0.0045336855798388"
"3","draw","3","0.0045336855798388"
"3","sword","3","0.00451260122910536"
"3","thyself","3","0.00447043252763848"
"3","holy","3","0.00432284207250442"
"3","side","3","0.00417525161737035"
"3","black","3","0.00404874551296972"
"3","grave","3","0.00400657681150284"
"4","money","4","0.0215827401076389"
"4","jew","4","0.0215827401076389"
"4","ducats","4","0.014485591283097"
"4","officer","4","0.0139178193771336"
"4","elbow","4","0.0133500474711703"
"4","chain","4","0.0124983896122252"
"4","bond","4","0.0122145036592435"
"4","thousand","4","0.0113628458002985"
"4","mistress","4","0.00994341603539013"
"4","gold","4","0.00994341603539013"
"4","dinner","4","0.00965953008240845"
"4","christian","4","0.00965953008240845"
"4","purse","4","0.00880787222346342"
"4","flesh","4","0.00795621436451839"
"4","choose","4","0.00795621436451839"
"4","pay","4","0.00795621436451839"
"4","signior","4","0.00738844245855504"
"4","pound","4","0.00738844245855504"
"4","sum","4","0.00738844245855504"
"4","owe","4","0.00483346888171994"
"4","fiend","4","0.00483346888171994"
"4","courtezan","4","0.00454958292873827"
"4","ship","4","0.00454958292873827"
"4","doors","4","0.00426569697575659"
"4","rope","4","0.00426569697575659"
"4","belmont","4","0.00426569697575659"
"4","mart","4","0.00398181102277491"
"4","marks","4","0.00369792506979323"
"4","bought","4","0.00369792506979323"
"4","forfeit","4","0.00369792506979323"
"4","hazard","4","0.00369792506979323"
"4","buy","4","0.00341403911681156"
"4","lock","4","0.00341403911681156"
"4","aboard","4","0.00341403911681156"
"4","prodigal","4","0.00341403911681156"
"4","vienna","4","0.00341403911681156"
"4","morocco","4","0.00341403911681156"
"4","sell","4","0.00313015316382988"
"4","goldsmith","4","0.00313015316382988"
"4","laws","4","0.00313015316382988"
"4","thieves","4","0.00313015316382988"
"4","chooseth","4","0.00313015316382988"
"4","dog","4","0.0028462672108482"
"4","judgment","4","0.0028462672108482"
"4","seal","4","0.0028462672108482"
"4","slave","4","0.0028462672108482"
"4","debt","4","0.0028462672108482"
"4","penalty","4","0.0028462672108482"
"4","sold","4","0.0028462672108482"
"4","respected","4","0.0028462672108482"
"5","love","5","0.140554149111525"
"5","sweet","5","0.0507717444537231"
"5","fair","5","0.0487819396493527"
"5","faith","5","0.0171862512405629"
"5","wit","5","0.0167038743182913"
"5","youth","5","0.0164626858571555"
"5","speed","5","0.0148949608597728"
"5","letter","5","0.0138699098999457"
"5","play","5","0.0125433733636988"
"5","lov","5","0.00958881471478525"
"5","hate","5","0.0092873291383655"
"5","sake","5","0.00874465510080995"
"5","music","5","0.00790049548683465"
"5","sing","5","0.00753871279513095"
"5","write","5","0.0066342560658717"
"5","woo","5","0.00645336472001985"
"5","wear","5","0.00633277048945195"
"5","cross","5","0.0059106906824643"
"5","base","5","0.0059106906824643"
"5","loving","5","0.0057900964518964"
"5","excellent","5","0.0054283137601927"
"5","longer","5","0.0051871252990569"
"5","hair","5","0.00500623395320505"
"5","excuse","5","0.00488563972263715"
"5","vow","5","0.00488563972263715"
"5","match","5","0.00476504549206925"
"5","scorn","5","0.0047047483767853"
"5","fools","5","0.0045841541462174"
"5","passion","5","0.0044635599156495"
"5","troth","5","0.00440326280036555"
"5","lover","5","0.00428266856979765"
"5","plain","5","0.00428266856979765"
"5","song","5","0.0042223714545137"
"5","heavenly","5","0.00416207433922975"
"5","oath","5","0.0039811829933779"
"5","forsworn","5","0.00386058876281"
"5","argument","5","0.00386058876281"
"5","lovers","5","0.00386058876281"
"5","spend","5","0.00380029164752605"
"5","fancy","5","0.0036194003016742"
"5","affection","5","0.0034988060711063"
"5","ladies","5","0.00343850895582235"
"5","dog","5","0.00343850895582235"
"5","wits","5","0.0033782118405384"
"5","jove","5","0.0033782118405384"
"5","vows","5","0.0033782118405384"
"5","tune","5","0.00331791472525445"
"5","count","5","0.0032576176099705"
"5","vouchsafe","5","0.00319732049468655"
"5","constant","5","0.0031370233794026"
"6","fight","6","0.0258103343981623"
"6","soldier","6","0.0228358470975698"
"6","arms","6","0.0191614804321319"
"6","war","6","0.0188990256703149"
"6","soldiers","6","0.0180241764642583"
"6","field","6","0.0159245383697224"
"6","fly","6","0.0129500510691299"
"6","sword","6","0.0121626867836789"
"6","horse","6","0.0118127471012562"
"6","valiant","6","0.0116377772600449"
"6","march","6","0.0111128677364109"
"6","battle","6","0.0101505336097487"
"6","brave","6","0.010063048689143"
"6","messenger","6","0.00936316932429769"
"6","arm","6","0.00822586535642407"
"6","army","6","0.00813838043581841"
"6","trumpet","6","0.00813838043581841"
"6","valour","6","0.00743850107097311"
"6","kings","6","0.00708856138855046"
"6","camp","6","0.00682610662673347"
"6","alarum","6","0.00682610662673347"
"6","walls","6","0.00665113678552214"
"6","join","6","0.00630119710309949"
"6","wars","6","0.00612622726188817"
"6","slain","6","0.0060387423412825"
"6","tent","6","0.00595125742067684"
"6","forces","6","0.00577628757946552"
"6","gates","6","0.00551383281764853"
"6","drum","6","0.0053388629764372"
"6","courage","6","0.0053388629764372"
"6","trumpets","6","0.0053388629764372"
"6","lion","6","0.00525137805583154"
"6","town","6","0.00525137805583154"
"6","fought","6","0.00490143837340889"
"6","foes","6","0.00490143837340889"
"6","english","6","0.00490143837340889"
"6","armour","6","0.00455149869098624"
"6","city","6","0.00446401377038057"
"6","saint","6","0.00446401377038057"
"6","guard","6","0.00446401377038057"
"6","colours","6","0.00437652884977491"
"6","victory","6","0.00428904392916925"
"6","herald","6","0.00420155900856359"
"6","swords","6","0.00411407408795792"
"6","fame","6","0.00402658916735226"
"6","armed","6","0.00402658916735226"
"6","country","6","0.00402658916735226"
"6","wounds","6","0.00385161932614093"
"6","plain","6","0.00376413440553527"
"6","safe","6","0.00358916456432395"
"7","gods","7","0.0212080754228406"
"7","gold","7","0.0208360890694642"
"7","ladies","7","0.0174882118890763"
"7","lordship","7","0.0169302323590117"
"7","lords","7","0.0154422869455059"
"7","rich","7","0.0135823551786238"
"7","honourable","7","0.0109784507049888"
"7","worth","7","0.0104204711749241"
"7","attending","7","0.00911851893810664"
"7","wealth","7","0.00893252576141842"
"7","chamber","7","0.00856053940804199"
"7","maid","7","0.0074445803479127"
"7","shakespeare","7","0.00725858717122449"
"7","jewel","7","0.00688660081784806"
"7","perform","7","0.00688660081784806"
"7","stranger","7","0.00670060764115984"
"7","dance","7","0.0061426281110952"
"7","gifts","7","0.00558464858103055"
"7","servants","7","0.00521266222765412"
"7","britain","7","0.00521266222765412"
"7","rare","7","0.00502666905096591"
"7","persons","7","0.00484067587427769"
"7","gift","7","0.00484067587427769"
"7","dian","7","0.00484067587427769"
"7","choose","7","0.00465468269758948"
"7","companion","7","0.00446868952090126"
"7","estate","7","0.00446868952090126"
"7","piece","7","0.00428269634421305"
"7","apollo","7","0.00428269634421305"
"7","chaste","7","0.00409670316752484"
"7","keeping","7","0.00409670316752484"
"7","term","7","0.00391070999083662"
"7","oracle","7","0.00391070999083662"
"7","silver","7","0.0037247168141484"
"7","learned","7","0.0037247168141484"
"7","dramatis","7","0.0037247168141484"
"7","personae","7","0.0037247168141484"
"7","temple","7","0.00353872363746019"
"7","banquet","7","0.00335273046077198"
"7","dame","7","0.00335273046077198"
"7","accept","7","0.00335273046077198"
"7","fairest","7","0.00316673728408376"
"7","silent","7","0.00316673728408376"
"7","dower","7","0.00316673728408376"
"7","debts","7","0.00316673728408376"
"7","sooner","7","0.00298074410739555"
"7","beggar","7","0.00298074410739555"
"7","contract","7","0.00298074410739555"
"7","trifles","7","0.00279475093070733"
"7","clear","7","0.00279475093070733"
"8","eyes","8","0.0349656762619086"
"8","eye","8","0.0227371613635555"
"8","face","8","0.0216954730573995"
"8","light","8","0.0143583641183876"
"8","fire","8","0.0139054561591893"
"8","beauty","8","0.0127278954652739"
"8","high","8","0.012682604669354"
"8","sun","8","0.011640916363198"
"8","proud","8","0.0106445188529618"
"8","kiss","8","0.0103727740774429"
"8","ear","8","0.00969341213864549"
"8","air","8","0.00905934099576792"
"8","sin","8","0.00842526985289035"
"8","praise","8","0.00774590791409295"
"8","lips","8","0.00770061711817312"
"8","red","8","0.00742887234265416"
"8","white","8","0.00693067358753607"
"8","pale","8","0.00688538279161625"
"8","hours","8","0.00670421960793694"
"8","days","8","0.00570782209770076"
"8","short","8","0.00539078652626197"
"8","shows","8","0.00520962334258267"
"8","rich","8","0.00480200617930423"
"8","golden","8","0.00462084299562492"
"8","blow","8","0.00462084299562492"
"8","change","8","0.00453026140378527"
"8","colour","8","0.00453026140378527"
"8","move","8","0.00443967981194562"
"8","pure","8","0.00430380742418614"
"8","moon","8","0.00430380742418614"
"8","view","8","0.00425851662826631"
"8","birth","8","0.00421322583234649"
"8","weary","8","0.00416793503642666"
"8","blind","8","0.00412264424050683"
"8","dark","8","0.00407735344458701"
"8","summer","8","0.00403206264866718"
"8","round","8","0.00394148105682753"
"8","fresh","8","0.00385089946498787"
"8","brow","8","0.00380560866906805"
"8","rose","8","0.00380560866906805"
"8","cheek","8","0.00380560866906805"
"8","bright","8","0.00380560866906805"
"8","blessed","8","0.00376031787314822"
"8","shadow","8","0.0037150270772284"
"8","stars","8","0.0037150270772284"
"8","neck","8","0.00366973628130857"
"8","bow","8","0.00366973628130857"
"8","green","8","0.00362444548538874"
"8","precious","8","0.00357915468946892"
"8","brain","8","0.00353386389354909"
"9","god","9","0.0210652971036866"
"9","fellow","9","0.0188328382100953"
"9","knave","9","0.0146591107133811"
"9","hang","9","0.0131060958308828"
"9","faith","9","0.0121354615293213"
"9","sirrah","9","0.0110677637976037"
"9","hostess","9","0.0110677637976037"
"9","horse","9","0.0108736369372914"
"9","money","9","0.010582446646823"
"9","drink","9","0.00941768548494925"
"9","marry","9","0.00902943176432468"
"9","chief","9","0.00902943176432468"
"9","ass","9","0.00893236833416853"
"9","worship","9","0.00815586089291937"
"9","rogue","9","0.00786467060245094"
"9","dog","9","0.00757348031198251"
"9","drunk","9","0.0058263385691719"
"9","rascal","9","0.00572927513901576"
"9","knight","9","0.00563221170885962"
"9","sack","9","0.00563221170885962"
"9","humour","9","0.00543808484854733"
"9","cap","9","0.00534102141839118"
"9","silence","9","0.00524395798823504"
"9","gown","9","0.00524395798823504"
"9","doll","9","0.00514689455807889"
"9","year","9","0.00504983112792275"
"9","fat","9","0.00504983112792275"
"9","wine","9","0.0049527676977666"
"9","tailor","9","0.00485570426761046"
"9","beard","9","0.00466157740729817"
"9","purse","9","0.00456451397714203"
"9","nose","9","0.00437038711682974"
"9","knaves","9","0.00417626025651745"
"9","hal","9","0.00417626025651745"
"9","wear","9","0.00398213339620516"
"9","dish","9","0.00398213339620516"
"9","whoreson","9","0.00388506996604901"
"9","apparel","9","0.00378800653589287"
"9","cup","9","0.00378800653589287"
"9","book","9","0.00359387967558058"
"9","trade","9","0.00349681624542443"
"9","prick","9","0.00330268938511215"
"9","troth","9","0.003205625954956"
"9","excellent","9","0.00310856252479986"
"9","trick","9","0.00310856252479986"
"9","fifty","9","0.00310856252479986"
"9","fox","9","0.00301149909464371"
"9","hanged","9","0.00301149909464371"
"9","wisely","9","0.00301149909464371"
"9","mend","9","0.00291443566448757"
"10","sea","10","0.0409159580225764"
"10","land","10","0.0143023210970475"
"10","monster","10","0.0127626892087938"
"10","shore","10","0.0125427417961861"
"10","ship","10","0.0110031099079324"
"10","sail","10","0.00748395130620953"
"10","fisherman","10","0.00748395130620953"
"10","strange","10","0.00726400389360185"
"10","wind","10","0.00704405648099418"
"10","tempest","10","0.00704405648099418"
"10","drown","10","0.0068241090683865"
"10","tyre","10","0.0068241090683865"
"10","winds","10","0.00638421424317115"
"10","island","10","0.00638421424317115"
"10","storm","10","0.00528447718013276"
"10","sailor","10","0.00528447718013276"
"10","seas","10","0.00506452976752508"
"10","wrack","10","0.00506452976752508"
"10","naples","10","0.00506452976752508"
"10","tarsus","10","0.00506452976752508"
"10","milan","10","0.00484458235491741"
"10","brave","10","0.00484458235491741"
"10","aboard","10","0.00484458235491741"
"10","prithee","10","0.00484458235491741"
"10","isle","10","0.00484458235491741"
"10","heavens","10","0.00462463494230973"
"10","monstrous","10","0.00462463494230973"
"10","fish","10","0.00440468752970205"
"10","spirits","10","0.00440468752970205"
"10","sailors","10","0.00440468752970205"
"10","thunder","10","0.00418474011709438"
"10","sails","10","0.0039647927044867"
"10","hark","10","0.0039647927044867"
"10","ships","10","0.0039647927044867"
"10","cell","10","0.0039647927044867"
"10","fleet","10","0.00374484529187902"
"10","vessel","10","0.00374484529187902"
"10","waters","10","0.00374484529187902"
"10","coast","10","0.00374484529187902"
"10","fresh","10","0.00352489787927135"
"10","deck","10","0.00352489787927135"
"10","elements","10","0.00352489787927135"
"10","shores","10","0.00352489787927135"
"10","gods","10","0.00330495046666367"
"10","mytilene","10","0.00330495046666367"
"10","governor","10","0.00308500305405599"
"10","rock","10","0.00308500305405599"
"10","invisible","10","0.00286505564144832"
"10","bottle","10","0.00286505564144832"
"10","loss","10","0.00286505564144832"
"11","make","11","0.036138916277863"
"11","give","11","0.0291707186557799"
"11","great","11","0.0198588629746178"
"11","made","11","0.01801741735677"
"11","honour","11","0.0148367385623056"
"11","world","11","0.0147321109703824"
"11","leave","11","0.0144391537129976"
"11","stand","11","0.0126814101686883"
"11","noble","11","0.0110910707714561"
"11","madam","11","0.010756262477302"
"11","put","11","0.010526081775071"
"11","place","11","0.0102749755544554"
"11","friends","11","0.0083707533814537"
"11","thought","11","0.00834982786306907"
"11","fortune","11","0.00788946645860712"
"11","grace","11","0.00774298782991468"
"11","hope","11","0.00774298782991468"
"11","state","11","0.00688504157614469"
"11","follow","11","0.00680133950260615"
"11","pardon","11","0.00650838224522128"
"11","power","11","0.0062782015429903"
"11","father","11","0.00625727602460567"
"11","kind","11","0.00600616980399006"
"11","lost","11","0.00583876565691299"
"11","thoughts","11","0.00554580839952811"
"11","court","11","0.00552488288114348"
"11","left","11","0.00542025528922031"
"11","present","11","0.00537840425245104"
"11","return","11","0.00521100010537397"
"11","desire","11","0.00500174492152763"
"11","found","11","0.00489711732960446"
"11","business","11","0.00477156421929666"
"11","beseech","11","0.00477156421929666"
"11","save","11","0.00475063870091202"
"11","service","11","0.00458323455383495"
"11","dare","11","0.00458323455383495"
"11","lose","11","0.00449953248029641"
"11","age","11","0.00443675592514251"
"11","happy","11","0.00437397936998861"
"11","brought","11","0.00435305385160398"
"11","loves","11","0.00429027729645007"
"11","late","11","0.00429027729645007"
"11","born","11","0.00426935177806544"
"11","joy","11","0.0041856497045269"
"11","comfort","11","0.00408102211260373"
"11","free","11","0.00401824555744983"
"11","pleasure","11","0.0039973200390652"
"11","women","11","0.00391361796552666"
"11","doubt","11","0.00382991589198813"
"11","son","11","0.00380899037360349"
"12","english","12","0.0216650454047687"
"12","england","12","0.0143107262596167"
"12","majesty","12","0.0102249934011989"
"12","princes","12","0.00695640711446462"
"12","welsh","12","0.00695640711446462"
"12","ransom","12","0.00654783382862285"
"12","herald","12","0.00573068725693929"
"12","il","12","0.00573068725693929"
"12","leek","12","0.00532211397109751"
"12","teach","12","0.00450496739941395"
"12","mock","12","0.00409639411357217"
"12","pour","12","0.00409639411357217"
"12","glendower","12","0.00409639411357217"
"12","harfleur","12","0.00409639411357217"
"12","madame","12","0.00409639411357217"
"12","en","12","0.00368782082773039"
"12","parts","12","0.00368782082773039"
"12","dieu","12","0.00368782082773039"
"12","votre","12","0.00368782082773039"
"12","monmouth","12","0.00368782082773039"
"12","moi","12","0.00368782082773039"
"12","elbow","12","0.00327924754188861"
"12","nails","12","0.00327924754188861"
"12","isabel","12","0.00327924754188861"
"12","dat","12","0.00327924754188861"
"12","knights","12","0.00327924754188861"
"12","aunchient","12","0.00327924754188861"
"12","fathers","12","0.00287067425604683"
"12","hand","12","0.00287067425604683"
"12","naked","12","0.00287067425604683"
"12","mines","12","0.00287067425604683"
"12","ma","12","0.00287067425604683"
"12","disciplines","12","0.00287067425604683"
"12","ish","12","0.00287067425604683"
"12","fingres","12","0.00287067425604683"
"12","seigneur","12","0.00287067425604683"
"12","buy","12","0.00246210097020505"
"12","thrice","12","0.00246210097020505"
"12","river","12","0.00246210097020505"
"12","breach","12","0.00246210097020505"
"12","oui","12","0.00246210097020505"
"12","agincourt","12","0.00246210097020505"
"12","gud","12","0.00246210097020505"
"12","chrish","12","0.00246210097020505"
"12","sall","12","0.00246210097020505"
"12","pridge","12","0.00246210097020505"
"12","soldier","12","0.00205352768436327"
"12","bridge","12","0.00205352768436327"
"12","mountain","12","0.00205352768436327"
"12","bodies","12","0.00205352768436327"
"13","witch","13","0.0237393519157235"
"13","hail","13","0.00873346116975528"
"13","lust","13","0.00873346116975528"
"13","thane","13","0.00873346116975528"
"13","castle","13","0.00768653855957146"
"13","cawdor","13","0.00733756435617685"
"13","scotland","13","0.00698859015278224"
"13","thunder","13","0.00663961594938763"
"13","hair","13","0.00629064174599302"
"13","gentlewoman","13","0.00594166754259841"
"13","report","13","0.00594166754259841"
"13","storm","13","0.00594166754259841"
"13","drown","13","0.00594166754259841"
"13","double","13","0.0055926933392038"
"13","wood","13","0.0055926933392038"
"13","thieves","13","0.0055926933392038"
"13","legs","13","0.00489474493241458"
"13","whore","13","0.00489474493241458"
"13","rises","13","0.00454577072901997"
"13","continues","13","0.00454577072901997"
"13","drum","13","0.00419679652562537"
"13","rain","13","0.00419679652562537"
"13","mankind","13","0.00419679652562537"
"13","mingle","13","0.00419679652562537"
"13","dunsinane","13","0.00419679652562537"
"13","bandit","13","0.00419679652562537"
"13","thick","13","0.00349884811883615"
"13","witches","13","0.00349884811883615"
"13","england","13","0.00349884811883615"
"13","line","13","0.00349884811883615"
"13","sides","13","0.00314987391544154"
"13","damn","13","0.00314987391544154"
"13","dst","13","0.00314987391544154"
"13","birnam","13","0.00314987391544154"
"13","root","13","0.00280089971204693"
"13","sons","13","0.00280089971204693"
"13","fife","13","0.00280089971204693"
"13","ride","13","0.00280089971204693"
"13","charm","13","0.00280089971204693"
"13","pour","13","0.00280089971204693"
"13","bald","13","0.00280089971204693"
"13","heath","13","0.00280089971204693"
"13","caldron","13","0.00280089971204693"
"13","glamis","13","0.00280089971204693"
"13","horse","13","0.00245192550865232"
"13","idleness","13","0.00245192550865232"
"13","sisters","13","0.00245192550865232"
"13","whores","13","0.00245192550865232"
"13","rebel","13","0.00245192550865232"
"13","horrid","13","0.00245192550865232"
"14","hero","14","0.0341924465953506"
"14","god","14","0.0339189641123023"
"14","signior","14","0.0273553845191439"
"14","marry","14","0.0205183224429372"
"14","watch","14","0.0150486727819719"
"14","don","14","0.0134077778836823"
"14","cousin","14","0.0123138479514892"
"14","married","14","0.0112199180192961"
"14","padua","14","0.0103994705701513"
"14","father","14","0.00985250560405478"
"14","count","14","0.00957902312100651"
"14","maid","14","0.00957902312100651"
"14","marriage","14","0.00875857567186171"
"14","musician","14","0.00848509318881344"
"14","fashion","14","0.0079381282227169"
"14","fool","14","0.00766464573966864"
"14","church","14","0.00657071580747557"
"14","withal","14","0.0062972333244273"
"14","knock","14","0.0062972333244273"
"14","husband","14","0.00575026835833077"
"14","read","14","0.00575026835833077"
"14","masters","14","0.00575026835833077"
"14","sister","14","0.00492982090918596"
"14","ursula","14","0.0046563384261377"
"14","niece","14","0.00438285594308943"
"14","curst","14","0.00438285594308943"
"14","wedding","14","0.00438285594308943"
"14","chamber","14","0.00438285594308943"
"14","uncle","14","0.00410937346004116"
"14","neighbour","14","0.00410937346004116"
"14","pisa","14","0.00410937346004116"
"14","window","14","0.00383589097699289"
"14","wed","14","0.00383589097699289"
"14","bride","14","0.00383589097699289"
"14","priest","14","0.00328892601089636"
"14","hic","14","0.00328892601089636"
"14","joy","14","0.00301544352784809"
"14","books","14","0.00301544352784809"
"14","write","14","0.00301544352784809"
"14","wronged","14","0.00301544352784809"
"14","surely","14","0.00301544352784809"
"14","commodity","14","0.00301544352784809"
"14","dowry","14","0.00301544352784809"
"14","verona","14","0.00301544352784809"
"14","verges","14","0.00274196104479982"
"14","pleasant","14","0.00274196104479982"
"14","moral","14","0.00274196104479982"
"14","counterfeit","14","0.00274196104479982"
"14","scholar","14","0.00274196104479982"
"14","assurance","14","0.00274196104479982"
"15","friend","15","0.0094685800071774"
"15","woman","15","0.00624702219381309"
"15","men","15","0.00604567483047782"
"15","gods","15","0.00503893801380148"
"15","hold","15","0.00463624328713094"
"15","sister","15","0.00463624328713094"
"15","fall","15","0.0042335485604604"
"15","bring","15","0.0042335485604604"
"15","true","15","0.00403220119712513"
"15","prison","15","0.00403220119712513"
"15","schoolmaster","15","0.00403220119712513"
"15","set","15","0.00383085383378986"
"15","pitty","15","0.00383085383378986"
"15","heard","15","0.00362950647045459"
"15","alas","15","0.00342815910711932"
"15","farewell","15","0.00342815910711932"
"15","heare","15","0.00342815910711932"
"15","poore","15","0.00342815910711932"
"15","yong","15","0.00342815910711932"
"15","looke","15","0.00322681174378405"
"15","cry","15","0.00302546438044878"
"15","thing","15","0.00302546438044878"
"15","loose","15","0.00302546438044878"
"15","knights","15","0.00302546438044878"
"15","feare","15","0.00302546438044878"
"15","soule","15","0.00302546438044878"
"15","faith","15","0.00282411701711351"
"15","mad","15","0.00282411701711351"
"15","keepe","15","0.00282411701711351"
"15","thebs","15","0.00282411701711351"
"15","wee","15","0.00282411701711351"
"15","love","15","0.00262276965377824"
"15","sing","15","0.00262276965377824"
"15","speake","15","0.00262276965377824"
"15","vpon","15","0.00262276965377824"
"15","shee","15","0.00262276965377824"
"15","boyes","15","0.00262276965377824"
"15","messenger","15","0.00242142229044297"
"15","cornets","15","0.00242142229044297"
"15","florish","15","0.00242142229044297"
"15","seene","15","0.00242142229044297"
"15","hee","15","0.00242142229044297"
"15","brave","15","0.0022200749271077"
"15","flowers","15","0.0022200749271077"
"15","lets","15","0.0022200749271077"
"15","wench","15","0.0022200749271077"
"15","sleepe","15","0.0022200749271077"
"15","hipolita","15","0.0022200749271077"
"15","armes","15","0.0022200749271077"
"15","run","15","0.00201872756377243"
"16","poet","16","0.0227555242349958"
"16","painter","16","0.0189644357131439"
"16","knight","16","0.0165519248356018"
"16","gods","16","0.0137947695469823"
"16","grecian","16","0.0113822586694402"
"16","niece","16","0.0106929698472853"
"16","glove","16","0.0103483254362079"
"16","tent","16","0.0103483254362079"
"16","greeks","16","0.00965903661405297"
"16","greek","16","0.00931439220297552"
"16","challenge","16","0.00862510338082064"
"16","trojan","16","0.00862510338082064"
"16","athenian","16","0.00793581455866575"
"16","jove","16","0.0075911701475883"
"16","knights","16","0.00724652573651086"
"16","greece","16","0.00690188132543342"
"16","sleeve","16","0.00621259250327853"
"16","antenor","16","0.00586794809220109"
"16","princes","16","0.00552330368112364"
"16","brave","16","0.00552330368112364"
"16","passes","16","0.00483401485896876"
"16","troyan","16","0.00483401485896876"
"16","unarm","16","0.00448937044789131"
"16","hecuba","16","0.00448937044789131"
"16","pyrrhus","16","0.00448937044789131"
"16","jeweller","16","0.00414472603681387"
"16","opinion","16","0.00380008162573643"
"16","crowns","16","0.00380008162573643"
"16","device","16","0.00380008162573643"
"16","whore","16","0.00345543721465898"
"16","tents","16","0.00311079280358154"
"16","greekish","16","0.00311079280358154"
"16","troyans","16","0.00311079280358154"
"16","moral","16","0.00276614839250409"
"16","lechery","16","0.00276614839250409"
"16","travail","16","0.00276614839250409"
"16","bone","16","0.00276614839250409"
"16","ilion","16","0.00276614839250409"
"16","top","16","0.00242150398142665"
"16","odd","16","0.00242150398142665"
"16","lo","16","0.00242150398142665"
"16","slipp","16","0.00242150398142665"
"16","sons","16","0.00207685957034921"
"16","picture","16","0.00207685957034921"
"16","drawing","16","0.00207685957034921"
"16","crows","16","0.00207685957034921"
"16","admirable","16","0.00207685957034921"
"16","commends","16","0.00207685957034921"
"16","kin","16","0.00207685957034921"
"16","guide","16","0.00207685957034921"
"17","true","17","0.0365165093829388"
"17","heaven","17","0.0305794179082664"
"17","wife","17","0.0236602511520691"
"17","words","17","0.019419471527303"
"17","answer","17","0.018526675816826"
"17","thing","17","0.0173214016076819"
"17","woman","17","0.0166518048248241"
"17","matter","17","0.0161607671840617"
"17","truth","17","0.015178691902537"
"17","false","17","0.0137502187657737"
"17","honest","17","0.0131699015539636"
"17","husband","17","0.0125449445566296"
"17","swear","17","0.0117414284172003"
"17","prove","17","0.011518229489581"
"17","devil","17","0.0108039929211993"
"17","villain","17","0.0108039929211993"
"17","law","17","0.0104468746370085"
"17","alas","17","0.0102236757093893"
"17","gave","17","0.0102236757093893"
"17","charge","17","0.00933087999891219"
"17","virtue","17","0.00915232085681678"
"17","ring","17","0.00861664343053054"
"17","cry","17","0.00857200364500668"
"17","mercy","17","0.00839344450291127"
"17","bound","17","0.00830416493186356"
"17","marry","17","0.00790240686214888"
"17","fault","17","0.00785776707662503"
"17","bed","17","0.00785776707662503"
"17","work","17","0.00785776707662503"
"17","read","17","0.00732208965033879"
"17","suit","17","0.00642929393986172"
"17","confess","17","0.00629537458329016"
"17","deny","17","0.00620609501224246"
"17","office","17","0.00598289608462319"
"17","sworn","17","0.00589361651357548"
"17","sister","17","0.00567041758595622"
"17","sense","17","0.00567041758595622"
"17","witness","17","0.00562577780043236"
"17","grant","17","0.00504546058862227"
"17","offence","17","0.0047329820899553"
"17","dangerous","17","0.0047329820899553"
"17","faults","17","0.00459906273338374"
"17","hurt","17","0.00446514337681218"
"17","child","17","0.00442050359128832"
"17","foolish","17","0.00437586380576447"
"17","prison","17","0.00410802509262135"
"17","honesty","17","0.00401874552157365"
"17","forgot","17","0.00397410573604979"
"17","obey","17","0.00388482616500209"
"17","manner","17","0.00370626702290667"
"18","fool","18","0.0699221494054386"
"18","shepherd","18","0.0304886498180021"
"18","forest","18","0.0123444015415742"
"18","sister","18","0.0111347849898123"
"18","sheep","18","0.0104090150587552"
"18","daughters","18","0.00871555188628862"
"18","senior","18","0.00847362857593625"
"18","beard","18","0.00726401202417439"
"18","bohemia","18","0.00726401202417439"
"18","buy","18","0.00702208871382202"
"18","wits","18","0.00678016540346965"
"18","fools","18","0.00653824209311728"
"18","monsieur","18","0.00557054885170779"
"18","hey","18","0.00557054885170779"
"18","wise","18","0.00532862554135542"
"18","food","18","0.00508670223100305"
"18","fiend","18","0.00508670223100305"
"18","winter","18","0.00484477892065068"
"18","albany","18","0.00484477892065068"
"18","cut","18","0.00460285561029831"
"18","song","18","0.00436093229994594"
"18","sings","18","0.00436093229994594"
"18","verses","18","0.00436093229994594"
"18","land","18","0.00436093229994594"
"18","oswald","18","0.00436093229994594"
"18","ballad","18","0.00411900898959356"
"18","nuncle","18","0.00411900898959356"
"18","called","18","0.00387708567924119"
"18","topas","18","0.00363516236888882"
"18","dover","18","0.00363516236888882"
"18","folly","18","0.00339323905853645"
"18","manners","18","0.00339323905853645"
"18","sisters","18","0.00339323905853645"
"18","courtier","18","0.00339323905853645"
"18","rowland","18","0.00339323905853645"
"18","skull","18","0.00339323905853645"
"18","disposition","18","0.00315131574818408"
"18","tree","18","0.00315131574818408"
"18","lt","18","0.00315131574818408"
"18","knights","18","0.00315131574818408"
"18","wast","18","0.00290939243783171"
"18","gods","18","0.00290939243783171"
"18","nonny","18","0.00290939243783171"
"18","motley","18","0.00290939243783171"
"18","prosper","18","0.00290939243783171"
"18","weather","18","0.00266746912747934"
"18","whipped","18","0.00266746912747934"
"18","crowns","18","0.00266746912747934"
"18","middle","18","0.00266746912747934"
"18","country","18","0.00266746912747934"
"19","host","19","0.0350941244229053"
"19","mistress","19","0.0335346869800077"
"19","simple","19","0.0137818127033052"
"19","brook","19","0.0137818127033052"
"19","lion","19","0.0111827502984759"
"19","woman","19","0.01066293781751"
"19","hugh","19","0.0101431253365442"
"19","wall","19","0.00910350037461246"
"19","husband","19","0.00884359413412953"
"19","moon","19","0.00884359413412953"
"19","basket","19","0.00884359413412953"
"19","gar","19","0.00806387541268075"
"19","marry","19","0.00780396917219782"
"19","knight","19","0.00780396917219782"
"19","fairy","19","0.00780396917219782"
"19","windsor","19","0.00780396917219782"
"19","follow","19","0.00754406293171489"
"19","fairies","19","0.00754406293171489"
"19","willow","19","0.00650443796978318"
"19","green","19","0.00572471924833439"
"19","moonshine","19","0.00520490676736854"
"19","buck","19","0.00520490676736854"
"19","maid","19","0.00494500052688561"
"19","jealousy","19","0.00468509428640268"
"19","forsooth","19","0.00468509428640268"
"19","bully","19","0.00468509428640268"
"19","sing","19","0.00442518804591975"
"19","desire","19","0.00416528180543682"
"19","carry","19","0.00416528180543682"
"19","snout","19","0.00416528180543682"
"19","dat","19","0.00416528180543682"
"19","glad","19","0.00390537556495389"
"19","sings","19","0.00390537556495389"
"19","flute","19","0.00390537556495389"
"19","prologue","19","0.00390537556495389"
"19","knave","19","0.00364546932447097"
"19","philostrate","19","0.00364546932447097"
"19","horns","19","0.00338556308398804"
"19","desires","19","0.00338556308398804"
"19","hearts","19","0.00338556308398804"
"19","starveling","19","0.00338556308398804"
"19","fat","19","0.00338556308398804"
"19","search","19","0.00338556308398804"
"19","priest","19","0.00338556308398804"
"19","dog","19","0.00312565684350511"
"19","cuckold","19","0.00312565684350511"
"19","oak","19","0.00312565684350511"
"19","jealous","19","0.00312565684350511"
"19","white","19","0.00312565684350511"
"19","park","19","0.00286575060302218"
"20","countess","20","0.0404021995863362"
"20","widow","20","0.0178566951605762"
"20","count","20","0.00908899899500287"
"20","serve","20","0.00908899899500287"
"20","majesty","20","0.0084627349831762"
"20","drum","20","0.00814960297726287"
"20","rousillon","20","0.00814960297726287"
"20","study","20","0.0075233389654362"
"20","maid","20","0.0075233389654362"
"20","florence","20","0.00721020695952287"
"20","virginity","20","0.00689707495360953"
"20","hit","20","0.00595767893586953"
"20","park","20","0.00595767893586953"
"20","monsieur","20","0.00533141492404286"
"20","vain","20","0.00533141492404286"
"20","judas","20","0.00501828291812953"
"20","navarre","20","0.00501828291812953"
"20","envoy","20","0.00501828291812953"
"20","worthies","20","0.00470515091221619"
"20","praise","20","0.00439201890630286"
"20","greatest","20","0.00439201890630286"
"20","whipped","20","0.00407888690038953"
"20","virgin","20","0.00407888690038953"
"20","dumain","20","0.00407888690038953"
"20","humble","20","0.00376575489447619"
"20","hercules","20","0.00376575489447619"
"20","pretty","20","0.00376575489447619"
"20","oaths","20","0.00376575489447619"
"20","deer","20","0.00376575489447619"
"20","demand","20","0.00376575489447619"
"20","melancholy","20","0.00345262288856286"
"20","remuneration","20","0.00345262288856286"
"20","joan","20","0.00345262288856286"
"20","buy","20","0.00313949088264953"
"20","knave","20","0.00313949088264953"
"20","swain","20","0.00313949088264953"
"20","courtier","20","0.00313949088264953"
"20","parson","20","0.00313949088264953"
"20","pilgrim","20","0.00313949088264953"
"20","sore","20","0.00282635887673619"
"20","gentlewoman","20","0.00251322687082286"
"20","sorrow","20","0.00251322687082286"
"20","horn","20","0.00251322687082286"
"20","pitch","20","0.00251322687082286"
"20","forester","20","0.00251322687082286"
"20","aquitaine","20","0.00251322687082286"
"20","ignorance","20","0.00251322687082286"
"20","ladyship","20","0.00220009486490953"
"20","pen","20","0.00220009486490953"
"20","shoot","20","0.00220009486490953"
"21","father","21","0.124910639774759"
"21","son","21","0.0896002625915752"
"21","mother","21","0.0605599523848443"
"21","nurse","21","0.0353146827164931"
"21","child","21","0.0280546051648104"
"21","sons","21","0.0227745487635866"
"21","young","21","0.0222795434759718"
"21","emperor","21","0.0150194659242891"
"21","god","21","0.012874443011292"
"21","heir","21","0.00808939189768289"
"21","empress","21","0.00808939189768289"
"21","brothers","21","0.0077593883726064"
"21","banished","21","0.00742938484752992"
"21","kneel","21","0.00643937427230046"
"21","uncle","21","0.00561436545960924"
"21","wounded","21","0.00511936017199451"
"21","followers","21","0.00511936017199451"
"21","grandam","21","0.00495435840945626"
"21","grandsire","21","0.00462435488437978"
"21","falconbridge","21","0.00445935312184153"
"21","kneels","21","0.00379934607168856"
"21","beget","21","0.00379934607168856"
"21","banishment","21","0.00363434430915031"
"21","joyful","21","0.00346934254661207"
"21","sole","21","0.00330434078407383"
"21","youngest","21","0.00297433725899734"
"21","tail","21","0.00297433725899734"
"21","aunt","21","0.0028093354964591"
"21","exile","21","0.0028093354964591"
"21","thursday","21","0.0028093354964591"
"21","rape","21","0.0028093354964591"
"21","imperial","21","0.00264433373392085"
"21","careful","21","0.00264433373392085"
"21","begot","21","0.00264433373392085"
"21","detested","21","0.00264433373392085"
"21","saturnine","21","0.00264433373392085"
"21","represented","21","0.00247933197138261"
"21","parents","21","0.00247933197138261"
"21","sorrows","21","0.00247933197138261"
"21","bride","21","0.00247933197138261"
"21","heinous","21","0.00247933197138261"
"21","privilege","21","0.00231433020884437"
"21","elder","21","0.00231433020884437"
"21","philosophy","21","0.00231433020884437"
"21","moor","21","0.00231433020884437"
"21","mercury","21","0.00231433020884437"
"21","niece","21","0.00214932844630612"
"21","den","21","0.00214932844630612"
"21","storm","21","0.00214932844630612"
"21","cords","21","0.00214932844630612"
"22","good","22","0.0554595624693714"
"22","man","22","0.0396141162117427"
"22","time","22","0.0218695184050763"
"22","men","22","0.018742632521307"
"22","day","22","0.0185891657294655"
"22","hear","22","0.017150414555952"
"22","pray","22","0.0149443294232313"
"22","call","22","0.0142153621619845"
"22","till","22","0.0128533443843917"
"22","bear","22","0.0109158261373935"
"22","house","22","0.0108390927414728"
"22","head","22","0.0104937924598296"
"22","part","22","0.0104170590639089"
"22","night","22","0.0103403256679882"
"22","find","22","0.0100142087353251"
"22","long","22","0.00966890845368185"
"22","word","22","0.00963054175572149"
"22","show","22","0.00947707496388005"
"22","friend","22","0.00907422463529627"
"22","stay","22","0.00895912454141519"
"22","set","22","0.00882484109855394"
"22","bring","22","0.00878647440059357"
"22","full","22","0.00869055765569268"
"22","ere","22","0.00738608992504044"
"22","mind","22","0.00729017318013954"
"22","morrow","22","0.00702160629441702"
"22","heard","22","0.00671467271073414"
"22","farewell","22","0.00669548936175396"
"22","things","22","0.00658038926787288"
"22","young","22","0.00652283922093234"
"22","home","22","0.00652283922093234"
"22","bid","22","0.00652283922093234"
"22","act","22","0.00631182238215036"
"22","lie","22","0.0061775389392891"
"22","meet","22","0.00611998889234856"
"22","news","22","0.0060816221943882"
"22","hour","22","0.00600488879846748"
"22","ill","22","0.0057938719596855"
"22","reason","22","0.00573632191274496"
"22","mistress","22","0.00554448842294317"
"22","mad","22","0.00508408804741885"
"22","means","22","0.00504572134945849"
"22","send","22","0.00494980460455759"
"22","told","22","0.00473878776577561"
"22","half","22","0.00470042106781525"
"22","seek","22","0.00456613762495399"
"22","talk","22","0.00450858757801345"
"22","room","22","0.00447022088005309"
"22","remember","22","0.00441267083311255"
"22","care","22","0.00439348748413237"
"23","night","23","0.0660021199193065"
"23","sleep","23","0.0354889221571019"
"23","bed","23","0.0253749970561464"
"23","murderer","23","0.0226322377067347"
"23","watch","23","0.0171467190079114"
"23","dream","23","0.0157753393332056"
"23","music","23","0.0152610719551909"
"23","murder","23","0.014575382117838"
"23","ghost","23","0.0142325371991616"
"23","awake","23","0.00960413079702939"
"23","noise","23","0.0090898634190147"
"23","wake","23","0.00857559604100002"
"23","sleeps","23","0.0078899062036471"
"23","dreams","23","0.00703279390695596"
"23","chamber","23","0.00668994898827951"
"23","asleep","23","0.00634710406960305"
"23","wood","23","0.00617568161026482"
"23","knocking","23","0.00617568161026482"
"23","methought","23","0.00583283669158837"
"23","sleeping","23","0.00566141423225014"
"23","hark","23","0.00566141423225014"
"23","torch","23","0.00548999177291191"
"23","sings","23","0.00531856931357368"
"23","early","23","0.00531856931357368"
"23","fairy","23","0.004804301935559"
"23","waking","23","0.004804301935559"
"23","morning","23","0.00463287947622077"
"23","hounds","23","0.00463287947622077"
"23","worm","23","0.00411861209820608"
"23","murderers","23","0.00411861209820608"
"23","dew","23","0.00394718963886786"
"23","charm","23","0.00377576717952963"
"23","brain","23","0.0036043447201914"
"23","knock","23","0.0036043447201914"
"23","lark","23","0.00343292226085317"
"23","cock","23","0.00343292226085317"
"23","wak","23","0.00343292226085317"
"23","bell","23","0.00326149980151494"
"23","stol","23","0.00326149980151494"
"23","fares","23","0.00326149980151494"
"23","egeus","23","0.00309007734217671"
"23","repose","23","0.00309007734217671"
"23","midnight","23","0.00291865488283849"
"23","ghosts","23","0.00291865488283849"
"23","slumber","23","0.00291865488283849"
"23","ministers","23","0.00291865488283849"
"23","county","23","0.00291865488283849"
"23","musicians","23","0.00291865488283849"
"23","slept","23","0.00274723242350026"
"23","grove","23","0.00274723242350026"
"24","tears","24","0.0386028947626465"
"24","sorrow","24","0.0293917507637015"
"24","grief","24","0.0266137867005276"
"24","woe","24","0.0184261031459099"
"24","weep","24","0.0166715995270632"
"24","weeping","24","0.00994600232148436"
"24","woes","24","0.00877633324225325"
"24","knife","24","0.00716803825831048"
"24","sighs","24","0.00629078644888715"
"24","tarquin","24","0.00614457781398326"
"24","sad","24","0.00599836917907937"
"24","begins","24","0.00585216054417548"
"24","learn","24","0.00555974327436771"
"24","vain","24","0.00555974327436771"
"24","drown","24","0.00555974327436771"
"24","lust","24","0.00541353463946382"
"24","mild","24","0.00526732600455993"
"24","woeful","24","0.00512111736965604"
"24","weeps","24","0.00497490873475215"
"24","dry","24","0.00482870009984826"
"24","calm","24","0.00468249146494438"
"24","sorrows","24","0.00468249146494438"
"24","mountain","24","0.0043900741951366"
"24","wept","24","0.0043900741951366"
"24","cheeks","24","0.0043900741951366"
"24","signs","24","0.00409765692532882"
"24","hateful","24","0.00409765692532882"
"24","wail","24","0.00395144829042493"
"24","guilt","24","0.00395144829042493"
"24","hunt","24","0.00380523965552105"
"24","stain","24","0.00365903102061716"
"24","doom","24","0.00365903102061716"
"24","boar","24","0.00351282238571327"
"24","trespass","24","0.00351282238571327"
"24","groans","24","0.00336661375080938"
"24","torment","24","0.00322040511590549"
"24","strife","24","0.00322040511590549"
"24","deer","24","0.00322040511590549"
"24","distress","24","0.00322040511590549"
"24","forlorn","24","0.00322040511590549"
"24","collatine","24","0.00322040511590549"
"24","image","24","0.0030741964810016"
"24","untimely","24","0.0030741964810016"
"24","root","24","0.00292798784609772"
"24","bootless","24","0.00292798784609772"
"24","foes","24","0.00292798784609772"
"24","subtle","24","0.00292798784609772"
"24","adonis","24","0.00292798784609772"
"24","green","24","0.00278177921119383"
"24","feeling","24","0.00278177921119383"
"25","people","25","0.0250873523628002"
"25","gods","25","0.0238332184960653"
"25","messenger","25","0.0211457887816333"
"25","noble","25","0.0209666268006712"
"25","senator","25","0.0155917673718073"
"25","friends","25","0.0154126053908451"
"25","general","25","0.0148751194479587"
"25","senators","25","0.0121876897335268"
"25","guard","25","0.0120085277525647"
"25","country","25","0.00985858398101909"
"25","romans","25","0.00932109803813269"
"25","worthy","25","0.00896277407620843"
"25","power","25","0.00896277407620843"
"25","city","25","0.0087836120952463"
"25","wars","25","0.0087836120952463"
"25","egypt","25","0.0087836120952463"
"25","capitol","25","0.00806696417139778"
"25","voices","25","0.00752947822851139"
"25","war","25","0.00735031624754926"
"25","mark","25","0.00735031624754926"
"25","senate","25","0.00717115426658713"
"25","lieutenant","25","0.00609618238081435"
"25","common","25","0.00573785841889009"
"25","fourth","25","0.00573785841889009"
"25","cyprus","25","0.00555869643792795"
"25","consul","25","0.00555869643792795"
"25","hearts","25","0.00502121049504156"
"25","wounds","25","0.00502121049504156"
"25","hate","25","0.00502121049504156"
"25","report","25","0.0046628865331173"
"25","noise","25","0.0046628865331173"
"25","officer","25","0.00448372455215517"
"25","alexandria","25","0.00448372455215517"
"25","soldier","25","0.00430456257119304"
"25","streets","25","0.00430456257119304"
"25","work","25","0.00430456257119304"
"25","volsces","25","0.00430456257119304"
"25","read","25","0.00412540059023091"
"25","honours","25","0.00412540059023091"
"25","patricians","25","0.00412540059023091"
"25","corioli","25","0.00412540059023091"
"25","hail","25","0.00394623860926878"
"25","gates","25","0.00376707662830665"
"25","banish","25","0.00376707662830665"
"25","tribune","25","0.00358791464734452"
"25","wine","25","0.00340875266638239"
"25","masters","25","0.00322959068542026"
"25","market","25","0.00322959068542026"
"25","fulvia","25","0.00322959068542026"
"25","cry","25","0.00305042870445813"
